nombre,direccion,correo_electronico
"Juan Pérez","Calle Principal 123, Ciudad","juan.perez@email.com"
"Ana González","Avenida Central 456, Pueblo","ana.gonzalez@email.com"
"Pedro Sánchez","Calle de la Libertad 789, Villa","pedro.sanchez@email.com"
"María López","Calle del Sol 234, Pueblo","maria.lopez@email.com"
"Luis Martínez","Avenida de la Paz 567, Ciudad","luis.martinez@email.com"
"Carolina Rodríguez","Calle del Río 890, Villa","carolina.rodriguez@email.com"
"Manuel Fernández","Avenida de la Esperanza 123, Pueblo","manuel.fernandez@email.com"
"Sofía García","Calle de las Flores 456, Ciudad","sofia.garcia@email.com"
"Javier Morales","Avenida de los Pájaros 789, Villa","javier.morales@email.com"
"Isabel Cruz","Calle del Bosque 234, Ciudad","isabel.cruz@email.com"
"Carlos Herrera","Calle del Mar 567, Pueblo","carlos.herrera@email.com"
"Lucía Ramírez","Avenida del Viento 890, Ciudad","lucia.ramirez@email.com"
"Diego Torres","Calle del Tiempo 123, Villa","diego.torres@email.com"
"Patricia Silva","Avenida de las Estrellas 456, Ciudad","patricia.silva@email.com"
"Rafael Mendoza","Calle de la Montaña 789, Pueblo","rafael.mendoza@email.com"
"Silvia Ortiz","Avenida de las Olas 234, Ciudad","silvia.ortiz@email.com"
"José González","Calle de los Sueños 567, Villa","jose.gonzalez@email.com"
"Raquel Pérez","Avenida de las Nubes 890, Ciudad","raquel.perez@email.com"
"Roberto Gómez","Calle del Abrazo 123, Pueblo","roberto.gomez@email.com"
"Andrea Vargas","Avenida del Sol 456, Ciudad","andrea.vargas@email.com"
"Marcelo Pérez","Calle de la Luna 789, Villa","marcelo.perez@email.com"
"Lucía Ramírez","Avenida del Viento 890, Ciudad","lucia.ramirez@email.com"
"Diego Torres","Calle del Tiempo 123, Villa","diego.torres@email.com"
"Patricia Silva","Avenida de las Estrellas 456, Ciudad","patricia.silva@email.com"
"Rafael Mendoza","Calle de la Montaña 789, Pueblo","rafael.mendoza@email.com"
"Silvia Ortiz","Avenida de las Olas 234, Ciudad","silvia.ortiz@email.com"
"José González","Calle de los Sueños 567, Villa","jose.gonzalez@email.com"
"Raquel Pérez","Avenida de las Nubes 890, Ciudad","raquel.perez@email.com"
"Roberto Gómez","Calle del Abrazo 123, Pueblo","roberto.gomez@email.com"
"Andrea Vargas","Avenida del Sol 456, Ciudad","andrea.vargas@email.com"
"Marcelo Pérez","Calle de la Luna 789, Villa","marcelo.perez@email.com"
"Lucía Ramírez","Avenida del Viento 890, Ciudad","lucia.ramirez@email.com"
"Diego Torres","Calle del Tiempo 123, Villa","diego.torres@email.com"
"Patricia Silva","Avenida de las Estrellas 456, Ciudad","patricia.silva@email.com"
"Rafael Mendoza","Calle de la Montaña 789, Pueblo","rafael.mendoza@email.com"
"Silvia Ortiz","Avenida de las Olas 234, Ciudad","silvia.ortiz@email.com"
"José González","Calle de los Sueños 567, Villa","jose.gonzalez@email.com"
"Raquel Pérez","Avenida de las Nubes 890, Ciudad","raquel.perez@email.com"
"Roberto Gómez","Calle del Abrazo 123, Pueblo","roberto.gomez@email.com"
"Andrea Vargas","Avenida del Sol 456, Ciudad","andrea.vargas@email.com"
"Marcelo Pérez","Calle de la Luna 789, Villa","marcelo.perez@email.com"
"Lucía Ramírez","Avenida del Viento 890, Ciudad","lucia.ramirez@email.com"
"Diego Torres","Calle del Tiempo 123, Villa","diego.torres@email.com"
"Patricia Silva","Avenida de las Estrellas 456, Ciudad","patricia.silva@email.com"
"Rafael Mendoza","Calle de la Montaña 789, Pueblo","rafael.mendoza@email.com"
"Silvia Ortiz","Avenida de las Olas 234, Ciudad","silvia.ortiz@email.com"
"José González","Calle de los Sueños 567, Villa","jose.gonzalez@email.com"
"Raquel Pérez","Avenida de las Nubes 890, Ciudad","raquel.perez@email.com"
"Roberto Gómez","Calle del Abrazo 123, Pueblo","roberto.gomez@email.com"
"Andrea Vargas","Avenida del Sol 456, Ciudad","andrea.vargas@email.com"
"Rajesh Patel","123 Main St, Mumbai","rajesh.patel@email.com"
"Priya Singh","456 Elm St, Delhi","priya.singh@email.com"
"Vikram Sharma","789 Oak St, Bangalore","vikram.sharma@email.com"
"Anika Verma","101 Maple St, Kolkata","anika.verma@email.com"
"Aarav Gupta","202 Pine St, Chennai","aarav.gupta@email.com"
"Kavita Mishra","303 Birch St, Hyderabad","kavita.mishra@email.com"
"Arjun Kumar","404 Cedar St, Pune","arjun.kumar@email.com"
"Sara Joshi","505 Walnut St, Ahmedabad","sara.joshi@email.com"
"Rohan Shah","606 Redwood St, Jaipur","rohan.shah@email.com"
"Zara Khan","707 Spruce St, Lucknow","zara.khan@email.com"
"Deepak Tiwari","808 Sequoia St, Kanpur","deepak.tiwari@email.com"
"Ananya Das","909 Cedar St, Nagpur","ananya.das@email.com"
"Kabir Reddy","1010 Birch St, Indore","kabir.reddy@email.com"
"Alisha Mehra","1111 Oak St, Varanasi","alisha.mehra@email.com"
"Vishal Singh","1212 Maple St, Surat","vishal.singh@email.com"
"Aditi Yadav","1313 Elm St, Ludhiana","aditi.yadav@email.com"
"Rajat Choudhary","1414 Pine St, Agra","rajat.choudhary@email.com"
"Amara Kapoor","1515 Cedar St, Patna","amara.kapoor@email.com"
"Kunal Jain","1616 Walnut St, Kanpur","kunal.jain@email.com"
"Diya Verma","1717 Redwood St, Thane","diya.verma@email.com"
"Riya Shah","1818 Sequoia St, Bhopal","riya.shah@email.com"
"Arnav Agarwal","1919 Spruce St, Raipur","arnav.agarwal@email.com"
"Veer Khanna","2020 Birch St, Visakhapatnam","veer.khanna@email.com"
"Meera Mehta","2121 Oak St, Coimbatore","meera.mehta@email.com"
"Riya Joshi","2222 Maple St, Madurai","riya.joshi@email.com"
"Aman Chopra","2323 Elm St, Nashik","aman.chopra@email.com"
"Zoya Singh","2424 Pine St, Kochi","zoya.singh@email.com"
"Yuvan Patel","2525 Cedar St, Rajkot","yuvan.patel@email.com"
"Anvi Gupta","2626 Walnut St, Vadodara","anvi.gupta@email.com"
"Aryan Sharma","2727 Redwood St, Amritsar","aryan.sharma@email.com"
"Siya Verma","2828 Sequoia St, Allahabad","siya.verma@email.com"
"Vihaan Yadav","2929 Spruce St, Jabalpur","vihaan.yadav@email.com"
"Anika Kapoor","3030 Birch St, Meerut","anika.kapoor@email.com"
"Kabir Reddy","3131 Oak St, Srinagar","kabir.reddy@email.com"
"Alisha Mehra","3232 Maple St, Aurangabad","alisha.mehra@email.com"
"Vishal Singh","3333 Elm St, Dhanbad","vishal.singh@email.com"
"Aditi Yadav","3434 Pine St, Gwalior","aditi.yadav@email.com"
"Rajat Choudhary","3535 Cedar St, Jamshedpur","rajat.choudhary@email.com"
"Amara Kapoor","3636 Walnut St, Jodhpur","amara.kapoor@email.com"
"Kunal Jain","3737 Redwood St, Bikaner","kunal.jain@email.com"
"Diya Verma","3838 Sequoia St, Udaipur","diya.verma@email.com"
"Riya Shah","3939 Spruce St, Hisar","riya.shah@email.com"
"Arnav Agarwal","4040 Birch St, Noida","arnav.agarwal@email.com"
"Veer Khanna","4141 Oak St, Faridabad","veer.khanna@email.com"
"John Smith","123 Main St, New York","john.smith@email.com"
"Maria Garcia","456 Elm St, Los Angeles","maria.garcia@email.com"
"Michael Johnson","789 Oak St, Chicago","michael.johnson@email.com"
"Sophie Martin","101 Maple St, San Francisco","sophie.martin@email.com"
"David Brown","202 Pine St, Miami","david.brown@email.com"
"Laura Lee","303 Birch St, Houston","laura.lee@email.com"
"James Wilson","404 Cedar St, Boston","james.wilson@email.com"
"Anna White","505 Walnut St, Seattle","anna.white@email.com"
"Daniel Anderson","606 Redwood St, Denver","daniel.anderson@email.com"
"Emma Lewis","707 Spruce St, San Diego","emma.lewis@email.com"
"Matthew Clark","808 Sequoia St, Dallas","matthew.clark@email.com"
"Olivia Harris","909 Cedar St, Atlanta","olivia.harris@email.com"
"William Walker","1010 Birch St, Phoenix","william.walker@email.com"
"Ava Young","1111 Oak St, Philadelphia","ava.young@email.com"
"Jacob Hall","1212 Maple St, Detroit","jacob.hall@email.com"
"Sofia Moore","1313 Elm St, San Antonio","sofia.moore@email.com"
"Benjamin Scott","1414 Pine St, Minneapolis","benjamin.scott@email.com"
"Emily King","1515 Cedar St, Denver","emily.king@email.com"
"Michael Turner","1616 Walnut St, Baltimore","michael.turner@email.com"
"Abigail Green","1717 Redwood St, Las Vegas","abigail.green@email.com"
"Daniel Baker","1818 Sequoia St, Orlando","daniel.baker@email.com"
"Olivia Adams","1919 Spruce St, Austin","olivia.adams@email.com"
"Alexander Harris","2020 Birch St, Portland","alexander.harris@email.com"
"Charlotte Mitchell","2121 Oak St, Nashville","charlotte.mitchell@email.com"
"Ethan Martinez","2222 Maple St, Sacramento","ethan.martinez@email.com"
"Amelia Moore","2323 Elm St, Milwaukee","amelia.moore@email.com"
"Liam Rodriguez","2424 Pine St, New Orleans","liam.rodriguez@email.com"
"Harper Turner","2525 Cedar St, Memphis","harper.turner@email.com"
"Lucas Hernandez","2626 Walnut St, Raleigh","lucas.hernandez@email.com"
"Grace Davis","2727 Redwood St, Indianapolis","grace.davis@email.com"
"Mason White","2828 Sequoia St, Columbus","mason.white@email.com"
"Chloe Jackson","2929 Spruce St, San Jose","chloe.jackson@email.com"
"Alexander Anderson","3030 Birch St, Jacksonville","alexander.anderson@email.com"
"Olivia Garcia","3131 Oak St, Charlotte","olivia.garcia@email.com"
"Lucas Lopez","3232 Maple St, San Francisco","lucas.lopez@email.com"
"Ava Martinez","3333 Elm St, San Diego","ava.martinez@email.com"
"William Clark","3434 Pine St, Seattle","william.clark@email.com"
"Emily Davis","3535 Cedar St, Austin","emily.davis@email.com"
"James Young","3636 Walnut St, Boston","james.young@email.com"
"Charlotte Moore","3737 Redwood St, Los Angeles","charlotte.moore@email.com"
"Benjamin Taylor","3838 Sequoia St, Dallas","benjamin.taylor@email.com"
"Sofia Rodriguez","3939 Spruce St, Miami","sofia.rodriguez@email.com"
"Michael Thomas","4040 Birch St, Chicago","michael.thomas@email.com"
"Emma Wilson","4141 Oak St, Houston","emma.wilson@email.com"